{
  "global": [
    {
      "id": "0b84e276-dcb3-413d-9e71-39d8f4fe13b4",
      "actionId": "04161059-deb8-4b1a-99df-d0a3a9e43ea4",
      "timestampUtcMs": "2025-10-14T16:42:25.145Z",
      "skip": 0,
      "type": "SET_MODEL_NAME",
      "input": {
        "name": "Builder Profile"
      },
      "hash": "FTFOQ4yWs+i5GnlHS9ZW2UCwJ/g=",
      "index": 0,
      "context": null,
      "action": {
        "id": "04161059-deb8-4b1a-99df-d0a3a9e43ea4",
        "timestampUtcMs": "2025-10-14T16:42:25.145Z",
        "type": "SET_MODEL_NAME",
        "input": {
          "name": "Builder Profile"
        },
        "context": null,
        "scope": "global"
      },
      "scope": "global",
      "branch": "main"
    },
    {
      "id": "350b07c7-3ce8-46a0-a6ed-359c98abb32e",
      "actionId": "0ccc8b1d-bc38-4760-9e53-6ddaa05e2d82",
      "timestampUtcMs": "2025-10-14T16:42:25.145Z",
      "skip": 0,
      "type": "SET_STATE_SCHEMA",
      "input": {
        "schema": "type BuilderProfileState {\n  \"Add your global state fields here\"\n  _placeholder: String\n}",
        "scope": "global"
      },
      "hash": "MWtpT8oAht0WYmXrTCSzT28j1oY=",
      "index": 1,
      "context": null,
      "action": {
        "id": "0ccc8b1d-bc38-4760-9e53-6ddaa05e2d82",
        "timestampUtcMs": "2025-10-14T16:42:25.145Z",
        "type": "SET_STATE_SCHEMA",
        "input": {
          "schema": "type BuilderProfileState {\n  \"Add your global state fields here\"\n  _placeholder: String\n}",
          "scope": "global"
        },
        "context": null,
        "scope": "global"
      },
      "scope": "global",
      "branch": "main"
    },
    {
      "id": "b977156d-ac2b-4cf9-85e9-dd702a262a07",
      "actionId": "481a6937-307d-4a2a-87b6-98b9fbeb5ec3",
      "timestampUtcMs": "2025-10-14T16:42:35.660Z",
      "skip": 0,
      "type": "SET_MODEL_ID",
      "input": {
        "id": "powerhouse/builder-profile"
      },
      "hash": "dukv5Aad5v9KE2q3MHzmAl0SRFc=",
      "index": 2,
      "context": null,
      "action": {
        "id": "481a6937-307d-4a2a-87b6-98b9fbeb5ec3",
        "timestampUtcMs": "2025-10-14T16:42:35.660Z",
        "type": "SET_MODEL_ID",
        "input": {
          "id": "powerhouse/builder-profile"
        },
        "context": null,
        "scope": "global"
      },
      "scope": "global",
      "branch": "main"
    },
    {
      "id": "3e22cc3a-6411-4f6d-97ad-ec75b9a56c71",
      "actionId": "0daecd14-af74-4c46-8fd2-bbd276b68f1f",
      "timestampUtcMs": "2025-10-14T16:42:53.292Z",
      "skip": 0,
      "type": "SET_MODEL_DESCRIPTION",
      "input": {
        "description": "A builder profile document"
      },
      "hash": "7mYBN0p4fWZi3pEcoRY01juwKF0=",
      "index": 3,
      "context": null,
      "action": {
        "id": "0daecd14-af74-4c46-8fd2-bbd276b68f1f",
        "timestampUtcMs": "2025-10-14T16:42:53.292Z",
        "type": "SET_MODEL_DESCRIPTION",
        "input": {
          "description": "A builder profile document"
        },
        "context": null,
        "scope": "global"
      },
      "scope": "global",
      "branch": "main"
    },
    {
      "id": "c108e2d1-0863-4770-ae7f-679737b5779f",
      "actionId": "b99a7d69-c39d-4bd4-9243-3013c3dd6355",
      "timestampUtcMs": "2025-10-14T16:42:56.082Z",
      "skip": 0,
      "type": "SET_AUTHOR_NAME",
      "input": {
        "authorName": "Powerhouse"
      },
      "hash": "mxOZo4DUxQ6RqXjts6XnYhOxkKM=",
      "index": 4,
      "context": null,
      "action": {
        "id": "b99a7d69-c39d-4bd4-9243-3013c3dd6355",
        "timestampUtcMs": "2025-10-14T16:42:56.082Z",
        "type": "SET_AUTHOR_NAME",
        "input": {
          "authorName": "Powerhouse"
        },
        "context": null,
        "scope": "global"
      },
      "scope": "global",
      "branch": "main"
    },
    {
      "id": "97be6416-3819-49db-b4bb-742f5cc45c4c",
      "actionId": "f5dd9151-2608-4e78-8f9e-dbc3924ec473",
      "timestampUtcMs": "2025-10-14T16:43:05.291Z",
      "skip": 0,
      "type": "SET_AUTHOR_WEBSITE",
      "input": {
        "authorWebsite": "https://github.com/powerhouse-inc"
      },
      "hash": "Y+GuxPuGpMvVdD0vePpxG9fzV18=",
      "index": 5,
      "context": null,
      "action": {
        "id": "f5dd9151-2608-4e78-8f9e-dbc3924ec473",
        "timestampUtcMs": "2025-10-14T16:43:05.291Z",
        "type": "SET_AUTHOR_WEBSITE",
        "input": {
          "authorWebsite": "https://github.com/powerhouse-inc"
        },
        "context": null,
        "scope": "global"
      },
      "scope": "global",
      "branch": "main"
    },
    {
      "id": "f08e3b5f-1a9e-4707-82b1-b9424e758275",
      "actionId": "b42c0a1d-2582-46ea-a730-0ab7779d1496",
      "timestampUtcMs": "2025-10-14T16:43:10.987Z",
      "skip": 0,
      "type": "SET_AUTHOR_WEBSITE",
      "input": {
        "authorWebsite": "https://powerhouse.inc/"
      },
      "hash": "QJpOxNsWyN+Byx5X5aA1RhzvmC4=",
      "index": 6,
      "context": null,
      "action": {
        "id": "b42c0a1d-2582-46ea-a730-0ab7779d1496",
        "timestampUtcMs": "2025-10-14T16:43:10.987Z",
        "type": "SET_AUTHOR_WEBSITE",
        "input": {
          "authorWebsite": "https://powerhouse.inc/"
        },
        "context": null,
        "scope": "global"
      },
      "scope": "global",
      "branch": "main"
    },
    {
      "id": "5fa5f7dd-2a00-4a98-b772-c3842078bbc8",
      "actionId": "c4c0fcac-2a54-4bc5-9ccd-11b90a00057a",
      "timestampUtcMs": "2025-10-14T16:43:13.788Z",
      "skip": 0,
      "type": "SET_MODEL_EXTENSION",
      "input": {
        "extension": ".phdm"
      },
      "hash": "0XzJpAW2XHE4Y66U9FUGm/fRfLk=",
      "index": 7,
      "context": null,
      "action": {
        "id": "c4c0fcac-2a54-4bc5-9ccd-11b90a00057a",
        "timestampUtcMs": "2025-10-14T16:43:13.788Z",
        "type": "SET_MODEL_EXTENSION",
        "input": {
          "extension": ".phdm"
        },
        "context": null,
        "scope": "global"
      },
      "scope": "global",
      "branch": "main"
    },
    {
      "id": "b8401867-0d76-41ad-8dad-2c71d078068d",
      "actionId": "d3892cec-9f7f-4e07-9fc2-62e7cbd488ff",
      "timestampUtcMs": "2025-10-14T16:43:40.281Z",
      "skip": 0,
      "type": "SET_STATE_SCHEMA",
      "input": {
        "schema": "type BuilderProfileState {\n  id: PHID\n  icon: URL\n  slug: String\n  name: String\n  description: String\n}",
        "scope": "global"
      },
      "hash": "YtMN/0Hdq2B5VVUWM7e/hxZ0t3g=",
      "index": 8,
      "context": null,
      "action": {
        "id": "d3892cec-9f7f-4e07-9fc2-62e7cbd488ff",
        "timestampUtcMs": "2025-10-14T16:43:40.281Z",
        "type": "SET_STATE_SCHEMA",
        "input": {
          "schema": "type BuilderProfileState {\n  id: PHID\n  icon: URL\n  slug: String\n  name: String\n  description: String\n}",
          "scope": "global"
        },
        "context": null,
        "scope": "global"
      },
      "scope": "global",
      "branch": "main"
    },
    {
      "id": "086eef69-a3da-46e4-a9a2-ac45ac1d07cd",
      "actionId": "2b7c3ce7-621e-4756-bb12-e4273f8adb08",
      "timestampUtcMs": "2025-10-14T16:43:40.284Z",
      "skip": 0,
      "type": "SET_STATE_SCHEMA",
      "input": {
        "schema": "type BuilderProfileState {\n  id: PHID\n  icon: URL\n  slug: String\n  name: String\n  description: String\n}",
        "scope": "global"
      },
      "hash": "YtMN/0Hdq2B5VVUWM7e/hxZ0t3g=",
      "index": 9,
      "context": null,
      "action": {
        "id": "2b7c3ce7-621e-4756-bb12-e4273f8adb08",
        "timestampUtcMs": "2025-10-14T16:43:40.284Z",
        "type": "SET_STATE_SCHEMA",
        "input": {
          "schema": "type BuilderProfileState {\n  id: PHID\n  icon: URL\n  slug: String\n  name: String\n  description: String\n}",
          "scope": "global"
        },
        "context": null,
        "scope": "global"
      },
      "scope": "global",
      "branch": "main"
    },
    {
      "id": "e4a1d574-41c2-4697-81b1-0cb8b02d99c1",
      "actionId": "d3b9123d-7a72-40a1-9432-2c28ad2c5438",
      "timestampUtcMs": "2025-10-14T16:43:40.308Z",
      "skip": 0,
      "type": "SET_INITIAL_STATE",
      "input": {
        "initialValue": "{\n  \"id\": null,\n  \"icon\": null,\n  \"slug\": null,\n  \"name\": null,\n  \"description\": null\n}",
        "scope": "global"
      },
      "hash": "6rRE+a9WpeDXnp7xLvHy9S4NP20=",
      "index": 10,
      "context": null,
      "action": {
        "id": "d3b9123d-7a72-40a1-9432-2c28ad2c5438",
        "timestampUtcMs": "2025-10-14T16:43:40.308Z",
        "type": "SET_INITIAL_STATE",
        "input": {
          "initialValue": "{\n  \"id\": null,\n  \"icon\": null,\n  \"slug\": null,\n  \"name\": null,\n  \"description\": null\n}",
          "scope": "global"
        },
        "context": null,
        "scope": "global"
      },
      "scope": "global",
      "branch": "main"
    },
    {
      "id": "9b4abe8f-ec05-4156-a2a6-701e4096f23f",
      "actionId": "800c377b-860f-4a5a-b840-c0f36bca1bd2",
      "timestampUtcMs": "2025-10-14T16:43:48.454Z",
      "skip": 0,
      "type": "ADD_MODULE",
      "input": {
        "id": "09f6c21b-cd1a-4218-8f2f-448c947c79bd",
        "name": "builder"
      },
      "hash": "+5t+m+wfLWeFQJbvPaw5DU8GaL4=",
      "index": 11,
      "context": null,
      "action": {
        "id": "800c377b-860f-4a5a-b840-c0f36bca1bd2",
        "timestampUtcMs": "2025-10-14T16:43:48.454Z",
        "type": "ADD_MODULE",
        "input": {
          "id": "09f6c21b-cd1a-4218-8f2f-448c947c79bd",
          "name": "builder"
        },
        "context": null,
        "scope": "global"
      },
      "scope": "global",
      "branch": "main"
    },
    {
      "id": "e4f5fd55-f70b-47cc-b913-802120777220",
      "actionId": "024373e4-7599-488b-9b18-3c99d2def981",
      "timestampUtcMs": "2025-10-14T16:44:01.826Z",
      "skip": 0,
      "type": "ADD_OPERATION",
      "input": {
        "id": "ee51a588-dd04-4819-beeb-a0cbdd598c81",
        "moduleId": "09f6c21b-cd1a-4218-8f2f-448c947c79bd",
        "name": "UPDATE_PROFILE"
      },
      "hash": "T4W1uHeju1vH7c2cusIuJ1157eo=",
      "index": 12,
      "context": null,
      "action": {
        "id": "024373e4-7599-488b-9b18-3c99d2def981",
        "timestampUtcMs": "2025-10-14T16:44:01.826Z",
        "type": "ADD_OPERATION",
        "input": {
          "id": "ee51a588-dd04-4819-beeb-a0cbdd598c81",
          "moduleId": "09f6c21b-cd1a-4218-8f2f-448c947c79bd",
          "name": "UPDATE_PROFILE"
        },
        "context": null,
        "scope": "global"
      },
      "scope": "global",
      "branch": "main"
    },
    {
      "id": "173727d2-5294-42ea-aea3-38c624222811",
      "actionId": "122baed1-90d2-4f19-bee7-61e51f2f5f4e",
      "timestampUtcMs": "2025-10-14T16:44:01.831Z",
      "skip": 0,
      "type": "SET_OPERATION_SCHEMA",
      "input": {
        "id": "ee51a588-dd04-4819-beeb-a0cbdd598c81",
        "schema": "input UpdateProfileInput {\n  \"Add your inputs here\"\n  _placeholder: String\n}"
      },
      "hash": "ly2NUx4lHdLEAr4gu108m02WI+8=",
      "index": 13,
      "context": null,
      "action": {
        "id": "122baed1-90d2-4f19-bee7-61e51f2f5f4e",
        "timestampUtcMs": "2025-10-14T16:44:01.831Z",
        "type": "SET_OPERATION_SCHEMA",
        "input": {
          "id": "ee51a588-dd04-4819-beeb-a0cbdd598c81",
          "schema": "input UpdateProfileInput {\n  \"Add your inputs here\"\n  _placeholder: String\n}"
        },
        "context": null,
        "scope": "global"
      },
      "scope": "global",
      "branch": "main"
    },
    {
      "id": "2a9cf098-5a17-4748-b4ab-f870363e2995",
      "actionId": "03683452-e00f-4c5a-a0a0-ec11f392ac70",
      "timestampUtcMs": "2025-10-14T16:44:23.684Z",
      "skip": 0,
      "type": "SET_OPERATION_SCHEMA",
      "input": {
        "id": "ee51a588-dd04-4819-beeb-a0cbdd598c81",
        "schema": "input UpdateProfileInput {\n  icon: URL\n  slug: String\n  name: String\n  description: String\n}"
      },
      "hash": "T+PDuKigYhTgTuMltpglz4GmY1U=",
      "index": 14,
      "context": null,
      "action": {
        "id": "03683452-e00f-4c5a-a0a0-ec11f392ac70",
        "timestampUtcMs": "2025-10-14T16:44:23.684Z",
        "type": "SET_OPERATION_SCHEMA",
        "input": {
          "id": "ee51a588-dd04-4819-beeb-a0cbdd598c81",
          "schema": "input UpdateProfileInput {\n  icon: URL\n  slug: String\n  name: String\n  description: String\n}"
        },
        "context": null,
        "scope": "global"
      },
      "scope": "global",
      "branch": "main"
    },
    {
      "id": "fd183d4e-668a-4a02-b259-c06613a55a05",
      "actionId": "c392cbe6-7492-44b9-aa42-7ebb52ca33fa",
      "timestampUtcMs": "2025-10-14T16:44:23.692Z",
      "skip": 0,
      "type": "SET_OPERATION_SCHEMA",
      "input": {
        "id": "ee51a588-dd04-4819-beeb-a0cbdd598c81",
        "schema": "input UpdateProfileInput {\n  icon: URL\n  slug: String\n  name: String\n  description: String\n}"
      },
      "hash": "T+PDuKigYhTgTuMltpglz4GmY1U=",
      "index": 15,
      "context": null,
      "action": {
        "id": "c392cbe6-7492-44b9-aa42-7ebb52ca33fa",
        "timestampUtcMs": "2025-10-14T16:44:23.692Z",
        "type": "SET_OPERATION_SCHEMA",
        "input": {
          "id": "ee51a588-dd04-4819-beeb-a0cbdd598c81",
          "schema": "input UpdateProfileInput {\n  icon: URL\n  slug: String\n  name: String\n  description: String\n}"
        },
        "context": null,
        "scope": "global"
      },
      "scope": "global",
      "branch": "main"
    },
    {
      "id": "62d0fc95-67ed-4ef6-977b-96ada1582829",
      "actionId": "08dd937a-4669-47cf-abf9-5a9da0684225",
      "timestampUtcMs": "2025-10-14T16:44:51.190Z",
      "skip": 0,
      "type": "SET_STATE_SCHEMA",
      "input": {
        "schema": "type BuilderProfileState {\n  id: PHID\n  slug: String\n  name: String\n  icon: URL\n  description: String\n}",
        "scope": "global"
      },
      "hash": "99UP0asFxkFIiK2zysSDP7yTuao=",
      "index": 16,
      "context": null,
      "action": {
        "id": "08dd937a-4669-47cf-abf9-5a9da0684225",
        "timestampUtcMs": "2025-10-14T16:44:51.190Z",
        "type": "SET_STATE_SCHEMA",
        "input": {
          "schema": "type BuilderProfileState {\n  id: PHID\n  slug: String\n  name: String\n  icon: URL\n  description: String\n}",
          "scope": "global"
        },
        "context": null,
        "scope": "global"
      },
      "scope": "global",
      "branch": "main"
    },
    {
      "id": "9aa260f1-bf9c-4f22-831e-9525ee7c8214",
      "actionId": "cc7b299b-1fd8-4ae2-9e9b-939b062e716d",
      "timestampUtcMs": "2025-10-14T16:44:51.192Z",
      "skip": 0,
      "type": "SET_STATE_SCHEMA",
      "input": {
        "schema": "type BuilderProfileState {\n  id: PHID\n  slug: String\n  name: String\n  icon: URL\n  description: String\n}",
        "scope": "global"
      },
      "hash": "99UP0asFxkFIiK2zysSDP7yTuao=",
      "index": 17,
      "context": null,
      "action": {
        "id": "cc7b299b-1fd8-4ae2-9e9b-939b062e716d",
        "timestampUtcMs": "2025-10-14T16:44:51.192Z",
        "type": "SET_STATE_SCHEMA",
        "input": {
          "schema": "type BuilderProfileState {\n  id: PHID\n  slug: String\n  name: String\n  icon: URL\n  description: String\n}",
          "scope": "global"
        },
        "context": null,
        "scope": "global"
      },
      "scope": "global",
      "branch": "main"
    },
    {
      "id": "a6beedac-52f7-43fc-8d59-6762e3457153",
      "actionId": "93bfb00a-79a2-467b-b0dc-30a9e399ca63",
      "timestampUtcMs": "2025-10-14T16:44:51.247Z",
      "skip": 0,
      "type": "SET_INITIAL_STATE",
      "input": {
        "initialValue": "{\n  \"id\": null,\n  \"slug\": null,\n  \"name\": null,\n  \"icon\": null,\n  \"description\": null\n}",
        "scope": "global"
      },
      "hash": "eGSkZ9E1oxNbhHEtP5oSbozKFbE=",
      "index": 18,
      "context": null,
      "action": {
        "id": "93bfb00a-79a2-467b-b0dc-30a9e399ca63",
        "timestampUtcMs": "2025-10-14T16:44:51.247Z",
        "type": "SET_INITIAL_STATE",
        "input": {
          "initialValue": "{\n  \"id\": null,\n  \"slug\": null,\n  \"name\": null,\n  \"icon\": null,\n  \"description\": null\n}",
          "scope": "global"
        },
        "context": null,
        "scope": "global"
      },
      "scope": "global",
      "branch": "main"
    },
    {
      "id": "8cd30e0b-0ef4-4776-9373-405a01681fc4",
      "actionId": "1cd75e7c-14ba-4c53-ab32-7506789e6eb9",
      "timestampUtcMs": "2025-10-14T16:45:04.248Z",
      "skip": 0,
      "type": "SET_OPERATION_SCHEMA",
      "input": {
        "id": "ee51a588-dd04-4819-beeb-a0cbdd598c81",
        "schema": "input UpdateProfileInput {\n  slug: String\n  name: String\n  icon: URL\n  description: String\n}"
      },
      "hash": "99lxy9ulp+0mTbe99ObanQ50cf4=",
      "index": 19,
      "context": null,
      "action": {
        "id": "1cd75e7c-14ba-4c53-ab32-7506789e6eb9",
        "timestampUtcMs": "2025-10-14T16:45:04.248Z",
        "type": "SET_OPERATION_SCHEMA",
        "input": {
          "id": "ee51a588-dd04-4819-beeb-a0cbdd598c81",
          "schema": "input UpdateProfileInput {\n  slug: String\n  name: String\n  icon: URL\n  description: String\n}"
        },
        "context": null,
        "scope": "global"
      },
      "scope": "global",
      "branch": "main"
    },
    {
      "id": "34d3006f-c387-451f-be65-2a3dbde0de4f",
      "actionId": "208fb75e-70a2-4885-896f-b4be73c1531e",
      "timestampUtcMs": "2025-10-14T16:45:04.256Z",
      "skip": 0,
      "type": "SET_OPERATION_SCHEMA",
      "input": {
        "id": "ee51a588-dd04-4819-beeb-a0cbdd598c81",
        "schema": "input UpdateProfileInput {\n  slug: String\n  name: String\n  icon: URL\n  description: String\n}"
      },
      "hash": "99lxy9ulp+0mTbe99ObanQ50cf4=",
      "index": 20,
      "context": null,
      "action": {
        "id": "208fb75e-70a2-4885-896f-b4be73c1531e",
        "timestampUtcMs": "2025-10-14T16:45:04.256Z",
        "type": "SET_OPERATION_SCHEMA",
        "input": {
          "id": "ee51a588-dd04-4819-beeb-a0cbdd598c81",
          "schema": "input UpdateProfileInput {\n  slug: String\n  name: String\n  icon: URL\n  description: String\n}"
        },
        "context": null,
        "scope": "global"
      },
      "scope": "global",
      "branch": "main"
    },
    {
      "id": "6ce02176-7a95-46a2-9a02-4fd2a185106d",
      "actionId": "667c7881-2dfb-4eb9-ab74-971a0e8dc824",
      "timestampUtcMs": "2025-10-14T16:58:53.286Z",
      "skip": 0,
      "type": "SET_OPERATION_SCHEMA",
      "input": {
        "id": "ee51a588-dd04-4819-beeb-a0cbdd598c81",
        "schema": "input UpdateProfileInput {\n  id: PHID\n  slug: String\n  name: String\n  icon: URL\n  description: String\n}"
      },
      "hash": "CxxSDP8u7IluTX9rRGA9DrSjw1k=",
      "index": 21,
      "context": null,
      "action": {
        "id": "667c7881-2dfb-4eb9-ab74-971a0e8dc824",
        "timestampUtcMs": "2025-10-14T16:58:53.286Z",
        "type": "SET_OPERATION_SCHEMA",
        "input": {
          "id": "ee51a588-dd04-4819-beeb-a0cbdd598c81",
          "schema": "input UpdateProfileInput {\n  id: PHID\n  slug: String\n  name: String\n  icon: URL\n  description: String\n}"
        },
        "context": null,
        "scope": "global"
      },
      "scope": "global",
      "branch": "main"
    },
    {
      "id": "9ee75bdb-3057-464d-b0ae-8cc9e268b63f",
      "actionId": "9e615026-c6cc-40b7-9393-184f39a4da74",
      "timestampUtcMs": "2025-10-14T16:58:53.294Z",
      "skip": 0,
      "type": "SET_OPERATION_SCHEMA",
      "input": {
        "id": "ee51a588-dd04-4819-beeb-a0cbdd598c81",
        "schema": "input UpdateProfileInput {\n  id: PHID\n  slug: String\n  name: String\n  icon: URL\n  description: String\n}"
      },
      "hash": "CxxSDP8u7IluTX9rRGA9DrSjw1k=",
      "index": 22,
      "context": null,
      "action": {
        "id": "9e615026-c6cc-40b7-9393-184f39a4da74",
        "timestampUtcMs": "2025-10-14T16:58:53.294Z",
        "type": "SET_OPERATION_SCHEMA",
        "input": {
          "id": "ee51a588-dd04-4819-beeb-a0cbdd598c81",
          "schema": "input UpdateProfileInput {\n  id: PHID\n  slug: String\n  name: String\n  icon: URL\n  description: String\n}"
        },
        "context": null,
        "scope": "global"
      },
      "scope": "global",
      "branch": "main"
    },
    {
      "id": "a698e2e5-4154-4b5c-8d4f-55bb7ffb77a2",
      "actionId": "572115dd-63b0-480c-b4aa-1f8d2d6db35f",
      "timestampUtcMs": "2025-10-14T17:13:51.788Z",
      "skip": 0,
      "type": "SET_STATE_SCHEMA",
      "input": {
        "schema": "type BuilderProfileState {\n  id: PHID!\n  slug: String\n  name: String\n  icon: URL\n  description: String\n}",
        "scope": "global"
      },
      "hash": "hLaeegptKku9IFSw7bg8I9x+JM8=",
      "index": 23,
      "context": null,
      "action": {
        "id": "572115dd-63b0-480c-b4aa-1f8d2d6db35f",
        "timestampUtcMs": "2025-10-14T17:13:51.788Z",
        "type": "SET_STATE_SCHEMA",
        "input": {
          "schema": "type BuilderProfileState {\n  id: PHID!\n  slug: String\n  name: String\n  icon: URL\n  description: String\n}",
          "scope": "global"
        },
        "context": null,
        "scope": "global"
      },
      "scope": "global",
      "branch": "main"
    },
    {
      "id": "5477896a-2a37-45d8-bc6b-799dca29b0a3",
      "actionId": "606bcc4b-29c0-4a50-8830-90739fb6163b",
      "timestampUtcMs": "2025-10-14T17:13:51.791Z",
      "skip": 0,
      "type": "SET_STATE_SCHEMA",
      "input": {
        "schema": "type BuilderProfileState {\n  id: PHID!\n  slug: String\n  name: String\n  icon: URL\n  description: String\n}",
        "scope": "global"
      },
      "hash": "hLaeegptKku9IFSw7bg8I9x+JM8=",
      "index": 24,
      "context": null,
      "action": {
        "id": "606bcc4b-29c0-4a50-8830-90739fb6163b",
        "timestampUtcMs": "2025-10-14T17:13:51.791Z",
        "type": "SET_STATE_SCHEMA",
        "input": {
          "schema": "type BuilderProfileState {\n  id: PHID!\n  slug: String\n  name: String\n  icon: URL\n  description: String\n}",
          "scope": "global"
        },
        "context": null,
        "scope": "global"
      },
      "scope": "global",
      "branch": "main"
    },
    {
      "id": "5b4ef3f7-56d0-4fcb-b54e-31d2ba0548c0",
      "actionId": "7f4ca90e-26c4-4e4a-b38d-a5074c66a16c",
      "timestampUtcMs": "2025-10-14T17:13:58.941Z",
      "skip": 0,
      "type": "SET_STATE_SCHEMA",
      "input": {
        "schema": "type BuilderProfileState {\n  id: PHID\n  slug: String\n  name: String\n  icon: URL\n  description: String\n}",
        "scope": "global"
      },
      "hash": "CxxSDP8u7IluTX9rRGA9DrSjw1k=",
      "index": 25,
      "context": null,
      "action": {
        "id": "7f4ca90e-26c4-4e4a-b38d-a5074c66a16c",
        "timestampUtcMs": "2025-10-14T17:13:58.941Z",
        "type": "SET_STATE_SCHEMA",
        "input": {
          "schema": "type BuilderProfileState {\n  id: PHID\n  slug: String\n  name: String\n  icon: URL\n  description: String\n}",
          "scope": "global"
        },
        "context": null,
        "scope": "global"
      },
      "scope": "global",
      "branch": "main"
    },
    {
      "id": "e7dedaee-727f-4998-ac83-600748fda480",
      "actionId": "610b7403-8e52-4a1c-b83e-475868efeda5",
      "timestampUtcMs": "2025-10-14T17:13:58.944Z",
      "skip": 0,
      "type": "SET_STATE_SCHEMA",
      "input": {
        "schema": "type BuilderProfileState {\n  id: PHID\n  slug: String\n  name: String\n  icon: URL\n  description: String\n}",
        "scope": "global"
      },
      "hash": "CxxSDP8u7IluTX9rRGA9DrSjw1k=",
      "index": 26,
      "context": null,
      "action": {
        "id": "610b7403-8e52-4a1c-b83e-475868efeda5",
        "timestampUtcMs": "2025-10-14T17:13:58.944Z",
        "type": "SET_STATE_SCHEMA",
        "input": {
          "schema": "type BuilderProfileState {\n  id: PHID\n  slug: String\n  name: String\n  icon: URL\n  description: String\n}",
          "scope": "global"
        },
        "context": null,
        "scope": "global"
      },
      "scope": "global",
      "branch": "main"
    }
  ],
  "local": []
}